Danielle,Aguilar
Terrell,Young
Tamara,Adkins
Darnell,Garza
Winifred,Miles
Juanita,Walton
Debra,Cummings
Becky,Mullins
Darin,Craig
Myra,Harper
Lester,Edwards
Joy,Wells
Ramiro,Roberts
Pat,Herrera
Tomas,Banks
Casey,Cortez
Bradley,Alvarado
Brenda,Jacobs
Henrietta,Rodriquez
Clinton,Stone
Patty,Burgess
Marlene,Griffin
Earl,Jenkins
Rhonda,Schneider
Jacqueline,Cole
Kristina,Rios
Gustavo,Snyder
Jake,Price
Casey,Powell
Hattie,Bennett
Veronica,Watson
Luis,Waters
Pat,Hale
Peggy,Stephens
Jody,Burns
Alfonso,Reed
Lana,Hunter
Jamie,Jensen
Rose,Myers
Judith,Wolfe
Patricia,Sanders
Rufus,Farmer
Russell,Mason
Stewart,Quinn
Katherine,Watts
Phyllis,Bowman
Angelica,Moss
Eric,Tyler
Jeremiah,Evans
Marion,Clarke
Georgia,Martinez
Angelina,Nash
Vivian,Carroll
Lorenzo,Page
Rolando,Malone
Lionel,Walters
Tommy,Mccoy
Robin,Barber
Theodore,Harris
Alfred,Nunez
Guillermo,Robertson
Simon,Howell
Victor,Knight
Desiree,Salazar
Bryant,Parsons
Christine,Wood
Ramona,Parks
Rachael,Castillo
Delia,Holmes
Ed,Lynch
Jean,Flowers
Gina,Bishop
Bennie,Bass
Karen,Day
Janice,Parker
Chelsea,Joseph
Anthony,Boyd
Cindy,Fowler
Jose,Arnold
Tabitha,Dennis
Candice,Harrison
Caleb,Owen
Miriam,Chambers
Nichole,Taylor
Roderick,Abbott
Lillie,Anderson
Garrett,Adams
Salvador,Swanson
Lynn,Hernandez
Janis,Fleming
Edna,Cunningham
Raymond,Francis
Dallas,Bridges
Doyle,Payne
Tanya,Miller
Colleen,Cox
Olivia,Cobb
Darla,Carter
Shaun,Jackson
Edith,Fernandez
Carl,Young
Thomas,Phillips
Karen,Campbell
Willie,Flores
Julia,Turner
Shawn,Coleman
Jose,Kelly
Larry,Parker
Brian,Allen
Katherine,Ramirez
Marie,Lopez
Sean,Simmons
Linda,Moore
Louis,Butler
Judith,Diaz
Gerald,Griffin
Ashley,Long
Daniel,Evans
Stephanie,Price
Jeffrey,Garcia
Patricia,Foster
Tammy,Perez
Virginia,Morgan
Jimmy,Henderson
Rose,Thomas
Roy,Murphy
Denise,Lee
Sandra,Gonzalez
Harry,Hill
Raymond,Martin
Doris,Patterson
Bonnie,Ward
Edward,Reed
Nancy,Bennett
Beverly,Rogers
Irene,Johnson
Kathryn,Smith
Amy,Hughes
Paul,Rivera
Martin,Bailey
Ernest,Sanders
Gary,Gonzales
Terry,Carter
Kathleen,Green
Laura,King
Brenda,Lewis
Margaret,Russell
Howard,Scott
Michael,Watson
Susan,Baker
Jesse,Davis
Tina,James
Joyce,Peterson
Wanda,Morris
Christine,Wood
Aaron,Brown
Lisa,Jenkins
Anna,Cox
Todd,Taylor
James,Robinson
Jason,Edwards
Melissa,Ross
Kelly,Howard
Craig,Thompson
Jeremy,Cook
Emily,Barnes
Janice,Jackson
Jack,Roberts
Frank,Mitchell
Paula,Wright
Earl,Harris
Douglas,Clark
Richard,Rodriguez
Lillian,Collins
Phillip,White
Evelyn,Hall
Heather,Powell
Nicholas,Adams
Dorothy,Sanchez
Marilyn,Jones
Fred,Alexander
Deborah,Stewart
Angela,Williams
Judy,Richardson
Ralph,Martinez
Randy,Anderson
Matthew,Cooper
Scott,Bryant
Henry,Washington
Christopher,Nelson
Michelle,Hernandez
Harold,Brooks
Joan,Miller
Patrick,Perry
Russell,Walker
Billy,Torres
Nicole,Gray
Dennis,Bell
Bobby,Wilson

Vincent,Vasquez
Kimberly,Lowe
Paula,Bishop
Erica,Frank
Desiree,Lamb
Essie,Howard
Arturo,Morgan
Joann,Nguyen
Matthew,Morrison
Caleb,Schmidt
Carlos,Steele
Daniel,Hopkins
Johnnie,Larson
Sonia,Bridges
Joseph,Mckinney
Cristina,Johnston
Philip,Fleming
Jenna,Byrd
Courtney,Cain
Deanna,Ferguson
Felipe,Ray
Elizabeth,Conner
Judith,Garner
Isaac,Logan
Eunice,Brown
Emilio,Fields
Elsa,Swanson
Shawna,Simon
Courtney,Bryan
Tyrone,Jensen
Eloise,Mack
Peter,Munoz
Darrin,Snyder
Stephen,Daniels
Marsha,Daniel
Shane,Chambers
Natalie,Holloway
Doris,Hart
Orville,Simpson
Bonnie,Clarke
Jeannette,Wright
Gloria,Pearson
Vickie,Armstrong
Enrique,Hammond
Homer,Lopez
Bob,Hunter
Francisco,Norton
Carolyn,Bell
Leona,Meyer
Shannon,Brady
Preston,Harris
Rickey,Knight
Sylvia,Bush
Teresa,Hawkins
Myra,Powers
Raul,Mason
Wendell,Hale
Amy,Edwards
Alice,Griffith
Woodrow,Stone
Ollie,Warren
Stanley,Marsh
Pedro,Bates
Stacy,Hall
Leah,Mcbride
Rosie,Carter
Laura,Carpenter
Sheri,Lane
May,Glover
Winifred,Montgomery
Clyde,Baker
Andrea,Hodges
Rhonda,Ruiz
Willie,Ball
Ann,Summers
Franklin,Perry
Terrance,Robertson
Sonja,Francis
Genevieve,Clark
Kathryn,Park
Clifton,Erickson
Janis,Hubbard
Alton,Bowman
Antonio,Parker
Isabel,Silva
Phyllis,Mcguire
Heather,Terry
Bernadette,Hanson
Horace,Colon
Bert,Cunningham
Rolando,Barker
Jeffery,Franklin
Annette,Watts
Jay,Rogers
Edmund,Rhodes
Patrick,Carr
Viola,Dunn
Antonia,Underwood
Joe,Alvarez
Evelyn,Pittman
Annie,Duncan
Gregory,Dawson
Israel,Park
Shannon,Nunez
Ebony,Gutierrez
Patti,Ferguson
Elsa,Long
Candice,Hogan
Lela,Stokes
Lindsey,Davis
Cora,Wheeler
Carmen,Maldonado
Wilma,Black
Janet,Schwartz
Marion,Austin
Johnathan,Martinez
Merle,Woods
Shirley,Lamb
Glenn,Burke
Virgil,Hubbard
Joyce,Figueroa
Kathy,Crawford
Kerry,Pratt
Eileen,Aguilar
Toni,Rowe
Sue,Newman
Alex,Blake
Constance,Curtis
Kristi,Buchanan
Wendy,Wilkerson
Hilda,Silva
Roger,Hardy
Rogelio,Patterson
Byron,Clark
Christopher,Hawkins
Claudia,Reid
Isabel,Fitzgerald
Gustavo,Drake
Earl,Hunt
Bernice,Watson
Ricky,Andrews
Paulette,Flores
Marian,Barton
Melinda,Walton
Jean,Harper
Della,Valdez
Tami,Baldwin
Cristina,Horton
Marcella,Carlson
Anthony,Becker
Clayton,Lambert
Lynn,Welch
Alejandro,Medina
Javier,Robertson
Carlton,Brewer
Fred,Stone
Kimberly,Holmes
Leona,Osborne
Lewis,Weaver
Henry,Barker
Edgar,Bridges
Monica,James
Marjorie,Luna
Lynne,Kim
Rosie,Russell
Judy,Guerrero
Janis,Zimmerman
Woodrow,Reynolds
Jay,Lee
Sandra,Matthews
Darnell,Glover
Perry,Carpenter
Roxanne,Guzman
Kathryn,Frazier
Gloria,Jenkins
Julio,Nichols
Chelsea,Thomas
Claude,Ellis
Ollie,Reyes
Brendan,Briggs
Sammy,Herrera
Erik,Caldwell
Roderick,Lloyd
Juanita,Schultz
Sophie,Jordan
Tammy,Peterson
Mindy,Quinn
Elvira,Keller
Tomas,Greene
Maryann,Marsh
Gene,Underwood
Leland,Parks
Bryan,Smith
Lloyd,Burns
Gregg,Cain
Victoria,Diaz
Genevieve,Ramirez
Thelma,Norman
Noel,Pierce
Kelvin,Delgado
Tara,Montgomery
Tabitha,Pope
Adam,Carlson
Sonya,Maxwell
Alberto,Mann
Jeffrey,Manning
Lydia,Romero
Christine,Castillo
Willard,Richards
Laura,Curry
Sylvia,Page
Clay,Wilkins
Raymond,Lyons
Angelo,Hill
Neal,Schneider
Wendy,Copeland
Kristine,Allison
Melody,Bryan
Marshall,Bridges
Jermaine,Norman
Doris,Carson
Danielle,Porter
Don,George
Leo,Fleming
Salvatore,Wise
Clyde,Hubbard
Lucas,Evans
Constance,Williamson
Sherry,Boone
Traci,Griffin
Julie,Klein
Elsa,Fletcher
Adrienne,Higgins
Jesus,Casey
Russell,Lowe
Tommie,Dunn
Melissa,Snyder
Henry,Wright
Dennis,Frank
Bradley,Mccormick
Eric,Rivera
Laverne,Haynes
Mamie,Goodman
Tracey,Daniel
Kim,Brady
Tim,Woods
Tiffany,Pierce
Dana,Meyer
Ella,Reed
Allen,Terry
Luis,Moran
Gayle,Marshall
Sheldon,Maldonado
Rochelle,Keller
Harry,Townsend
Herbert,Pratt
Tyrone,Spencer
Inez,Francis
Edith,Cortez
Erika,Phillips
Salvador,Neal
Jesse,Stone
Elena,Davidson
Grady,Pittman
Andrew,Wood
Joann,Holloway
Bernice,Walker
Toni,Miller
Maureen,Burton
Cameron,Blair
Celia,Peterson
Delores,Santos
Kirk,Howard
Faye,Burns
Edgar,Baldwin
Kelly,Greene
Shawn,Wolfe
Chad,Buchanan
Glenn,Joseph
Linda,Erickson
Luke,Dean
Ruby,Wilkerson
Timothy,Hunter
Guadalupe,Holmes
Angel,Bryant
Glenda,Ramos
Miranda,Park
Hattie,Scott
Debbie,Thornton
Saul,Reid
Craig,Taylor
Jan,Lawrence
Lela,Lucas
Everett,Banks
Rene,Ellis
Marlene,Lynch
Archie,Price
Abraham,Munoz
Frankie,Gilbert
Pat,Gregory
